site,experiment,length,width,height,area
3,2,1.1,0.5,2.3,0.55
4,3,1.2,1.8,2.7,2.16
3,1,1.9,1.8,4.5,3.42
1,2,2.1,2.2,7.6,4.620000000000001
1,1,2.2,1.3,9.6,2.8600000000000003
2,3,2.5,2.8,3,7
1,3,2.7,1.5,2.2,4.050000000000001
4,1,2.9,2.7,3.2,7.83
2,1,3,4.5,1.5,13.5
2,2,3.1,3.1,4,9.610000000000001
3,3,3.5,2,7.5,7
4,2,4.5,4.8,6.5,21.599999999999998
